Name,Age,Height_cm,Weight_kg,Calories,Exercise_Min
User1,21,160,52,1800,45
User2,22,165,60,2000,40
User3,23,170,65,2200,35
User4,24,168,70,2400,30
User5,25,172,75,2600,25
User6,26,158,50,1700,50
User7,27,162,55,1900,45
User8,28,167,63,2100,40
User9,29,173,68,2300,35
User10,30,175,72,2500,30
User11,21,159,48,1650,55
User12,22,164,58,1950,45
User13,23,169,62,2150,40
User14,24,171,69,2350,35
User15,25,176,74,2550,30
User16,26,157,49,1600,60
User17,27,163,56,1850,50
User18,28,166,61,2050,45
User19,29,172,67,2250,40
User20,30,174,71,2450,35
User21,21,161,53,1750,50
User22,22,166,59,1950,45
User23,23,168,64,2150,40
User24,24,170,70,2350,35
User25,25,177,76,2650,30
User26,26,156,48,1600,60
User27,27,162,54,1800,55
User28,28,165,60,2000,50
User29,29,171,66,2200,45
User30,30,175,73,2500,40
User31,21,160,52,1750,50
User32,22,164,57,1950,45
User33,23,169,63,2150,40
User34,24,172,68,2350,35
User35,25,176,75,2650,30
User36,26,158,50,1650,55
User37,27,163,56,1850,50
User38,28,167,62,2050,45
User39,29,173,69,2250,40
User40,30,178,78,2700,30
User41,21,159,49,1700,55
User42,22,165,58,1900,50
User43,23,168,64,2100,45
User44,24,171,70,2300,40
User45,25,175,76,2600,35
User46,26,157,48,1600,60
User47,27,162,55,1800,55
User48,28,166,61,2000,50
User49,29,172,67,2200,45
User50,30,176,74,2500,40
User51,21,160,53,1750,50
User52,22,164,59,1950,45
User53,23,169,65,2150,40
User54,24,173,71,2350,35
User55,25,177,77,2650,30
User56,26,158,50,1650,55
User57,27,163,56,1850,50
User58,28,167,62,2050,45
User59,29,173,69,2250,40
User60,30,178,80,2800,25
